Year_Code,GDP_2017_base,GDP_2025_base,GDP_2025_multiplier,PFS_Conversion_Factor
2011,91.481,70.92705014,1.409899323,33.9764
2012,93.185,72.24819544,1.384117615,34.0376
2013,94.771,73.47785298,1.3609543,34.023
2014,96.421,74.75713101,1.337665031,35.8228
2015,97.316,75.45104242,1.325362736,35.9335
2016,98.241,76.16821343,1.312883623,35.8043
2017,100,77.53200133,1.28979,35.8887
2018,102.291,79.30825948,1.260902719,35.9996
2019,103.979,80.61699967,1.240433164,36.0391
2020,105.377,81.70089705,1.223976769,36.0896
2021,110.186,85.42941099,1.170557058,34.8931
2022,118.023,91.50559393,1.092829364,34.6062
2023,122.39,94.89141643,1.053836098,33.8872
2024,125.428,97.24683863,1.028311063,33.2875
2025,128.979,100,1,32.3465
2026,128.979,100,1,33.4009
